task_id,group,n_traces,auc_median,pct_negative_traces,pct_negative_steps,baseline,baseline_group,n_wrong_cells,numerically_coarse
00576224,human_success,5,0.4634,0.0,0.0,0.0,A,36,False
00576224,human_failed,1,0.2834,0.0,0.0,0.0,A,36,False
00576224,codeit_success,375,0.15,0.0,0.0,0.0,A,36,False
00576224,codeit_failed,3,0.1649,0.0,0.0,0.0,A,36,False
009d5c81,human_success,7,0.3958,0.7143,0.0714,0.836735,B,31,False
009d5c81,human_failed,2,-1.8298,0.5,0.495,0.836735,B,31,False
009d5c81,codeit_success,54,0.4177,0.2037,0.0704,0.836735,B,31,False
009d5c81,codeit_failed,239,0.1661,0.431,0.1914,0.836735,B,31,False
00dbd492,human_success,12,-0.0567,0.9167,0.3292,0.78,B,87,False
00dbd492,human_failed,1,-1.7727,1.0,0.99,0.78,B,87,False
00dbd492,codeit_failed,201,0.0334,0.3184,0.2252,0.78,B,87,False
03560426,human_success,7,0.6099,0.4286,0.0614,0.71,B,29,False
03560426,human_failed,3,0.0805,0.0,0.0,0.71,B,29,False
05a7bcf2,human_success,5,0.5952,0.8,0.028,0.581111,B,377,False
0607ce86,human_success,9,0.717,0.4444,0.1233,0.901515,B,52,False
0607ce86,human_failed,3,0.2404,0.3333,0.33,0.901515,B,52,False
0692e18c,human_success,4,0.7761,0.0,0.0,0.0,A,81,False
0692e18c,human_failed,8,0.4283,0.0,0.0,0.0,A,81,False
0692e18c,codeit_success,5,0.2492,0.0,0.0,0.0,A,81,False
0692e18c,codeit_failed,20,0.1887,0.0,0.0,0.0,A,81,False
070dd51e,human_success,9,0.3546,0.7778,0.1522,0.8925,B,43,False
070dd51e,human_failed,3,0.5297,0.0,0.0,0.8925,B,43,False
070dd51e,codeit_success,30,0.3067,0.5667,0.314,0.8925,B,43,False
070dd51e,codeit_failed,38,0.3237,0.2368,0.1576,0.8925,B,43,False
08573cc6,human_success,2,0.7936,0.0,0.0,0.461538,B,91,False
08573cc6,human_failed,5,0.2968,0.6,0.406,0.461538,B,91,False
0934a4d8,human_success,1,0.4364,0.0,0.0,0.0,A,27,False
0934a4d8,human_failed,8,0.0861,0.0,0.0,0.0,A,27,False
0934a4d8,codeit_success,85,0.1,0.0,0.0,0.0,A,27,False
0934a4d8,codeit_failed,40,0.0,0.0,0.0,0.0,A,27,False
09c534e7,human_success,9,0.4119,0.8889,0.0156,0.854444,B,131,False
09c534e7,human_failed,2,-1.3111,1.0,0.82,0.854444,B,131,False
0a1d4ef5,human_success,7,0.4286,0.0,0.0,0.0,A,12,False
0a2355a6,human_success,6,0.3807,0.8333,0.1267,0.662745,B,86,False
0a2355a6,human_failed,3,0.2829,0.0,0.0,0.662745,B,86,False
0a2355a6,codeit_failed,22,0.1628,0.0909,0.0377,0.662745,B,86,False
0b17323b,human_success,9,-24.7259,1.0,0.6089,0.991111,B,1,True
0b17323b,human_failed,2,-1.0,1.0,0.99,0.991111,B,1,True
0b17323b,codeit_success,11,-1.357,0.8182,0.7018,0.991111,B,1,True
0b17323b,codeit_failed,4,-0.4327,0.5,0.4075,0.991111,B,1,True
0bb8deee,human_success,8,0.6063,0.0,0.0,0.0,A,36,False
0bb8deee,human_failed,3,0.0,0.0,0.0,0.0,A,36,False
0becf7df,human_success,10,0.3891,0.7,0.05,0.77,B,23,False
0becf7df,human_failed,3,0.1758,0.6667,0.3767,0.77,B,23,False
0c786b71,human_success,8,0.4597,0.0,0.0,0.0,A,48,False
0c786b71,human_failed,4,0.0821,0.0,0.0,0.0,A,48,False
0c786b71,codeit_success,206,0.0715,0.0,0.0,0.0,A,48,False
0c786b71,codeit_failed,3,0.073,0.0,0.0,0.0,A,48,False
0c9aba6e,human_success,1,0.6934,0.0,0.0,0.0,A,24,False
0c9aba6e,human_failed,8,0.4442,0.0,0.0,0.0,A,24,False
0c9aba6e,codeit_success,125,0.3382,0.0,0.0,0.0,A,24,False
0c9aba6e,codeit_failed,2,0.387,0.0,0.0,0.0,A,24,False
0d87d2a6,human_success,6,0.4749,0.5,0.0367,0.706087,B,169,False
0d87d2a6,human_failed,3,0.2004,0.0,0.0,0.706087,B,169,False
0e671a1a,human_success,9,0.0632,1.0,0.2867,0.87574,B,20,False
0e671a1a,human_failed,5,-0.3677,1.0,0.702,0.87574,B,20,False
0f63c0b9,human_success,5,0.5835,0.6,0.052,0.537778,B,104,False
0f63c0b9,human_failed,5,0.2163,0.2,0.198,0.537778,B,104,False
103eff5b,human_success,6,0.5138,0.5,0.1067,0.807692,B,80,False
103eff5b,human_failed,6,-1.4329,0.8333,0.7417,0.807692,B,80,False
11e1fe23,human_success,8,0.0717,1.0,0.5288,0.97619,B,4,False
11e1fe23,human_failed,5,-1.2083,1.0,0.892,0.97619,B,4,False
12422b43,human_success,8,-0.3372,0.875,0.4475,0.857143,B,10,False
12422b43,human_failed,5,-0.02,0.6,0.436,0.857143,B,10,False
12422b43,codeit_failed,62,-2.7957,1.0,0.9281,0.857143,B,10,False
12997ef3,human_success,7,0.6185,0.0,0.0,0.0,A,36,False
12997ef3,human_failed,4,0.0,0.0,0.0,0.0,A,36,False
12eac192,human_success,3,0.1782,1.0,0.17,0.703125,B,19,False
12eac192,human_failed,5,0.0526,0.2,0.198,0.703125,B,19,False
12eac192,codeit_success,20,0.5734,0.25,0.122,0.703125,B,19,False
12eac192,codeit_failed,43,0.1074,0.3488,0.2056,0.703125,B,19,False
136b0064,human_success,2,0.7871,0.0,0.0,0.0,A,133,False
136b0064,human_failed,6,0.7546,0.0,0.0,0.0,A,133,False
13713586,human_success,4,0.3948,1.0,0.1425,0.517544,B,164,False
13713586,human_failed,4,0.1013,0.5,0.495,0.517544,B,164,False
137f0df0,human_success,6,0.3424,1.0,0.235,0.56,B,43,False
137f0df0,human_failed,2,0.1683,0.5,0.495,0.56,B,43,False
140c817e,human_success,9,0.4558,0.7778,0.0489,0.443878,B,109,False
140c817e,human_failed,5,0.4908,0.4,0.396,0.443878,B,109,False
140c817e,codeit_success,1,0.1434,0.0,0.0,0.443878,B,109,False
14754a24,human_success,4,-0.6963,1.0,0.455,0.958449,B,15,False
14754a24,human_failed,5,-0.0922,0.6,0.556,0.958449,B,15,False
15113be4,human_success,7,-1.6089,0.8571,0.2386,0.971645,B,15,False
15113be4,human_failed,3,-0.6583,1.0,0.9667,0.971645,B,15,False
15663ba9,human_success,6,0.3199,0.6667,0.1433,0.866667,B,31,False
15663ba9,human_failed,3,0.1016,0.3333,0.33,0.866667,B,31,False
15696249,human_success,9,0.7613,0.0,0.0,0.0,A,81,False
15696249,human_failed,6,0.426,0.0,0.0,0.0,A,81,False
15696249,codeit_success,4,0.1429,0.0,0.0,0.0,A,81,False
15696249,codeit_failed,107,0.0784,0.0,0.0,0.0,A,81,False
16b78196,human_success,4,0.2797,1.0,0.1725,0.892222,B,96,False
16b78196,human_failed,3,-0.4088,0.6667,0.66,0.892222,B,96,False
17b80ad2,human_success,8,0.2991,0.75,0.1363,0.865052,B,38,False
17b80ad2,human_failed,5,-0.9211,0.6,0.594,0.865052,B,38,False
17b80ad2,codeit_failed,1,-0.1795,1.0,0.99,0.865052,B,38,False
17cae0c1,human_success,4,0.4421,0.0,0.0,0.0,A,27,False
17cae0c1,human_failed,4,0.0,0.0,0.0,0.0,A,27,False
18419cfa,human_success,4,-0.6494,0.5,0.13,0.976648,B,17,False
18419cfa,human_failed,4,0.4819,0.25,0.2475,0.976648,B,17,False
184a9768,human_success,4,0.3284,0.75,0.1675,0.867692,B,86,False
184a9768,human_failed,2,-2.3413,1.0,0.99,0.867692,B,86,False
195ba7dc,human_success,4,0.512,0.0,0.0,0.0,A,30,False
195ba7dc,human_failed,6,0.2134,0.0,0.0,0.0,A,30,False
195ba7dc,codeit_success,270,0.4,0.0,0.0,0.0,A,30,False
195ba7dc,codeit_failed,6,0.2417,0.0,0.0,0.0,A,30,False
1990f7a8,human_success,15,0.6808,0.0,0.0,0.0,A,49,False
1990f7a8,human_failed,1,0.0,0.0,0.0,0.0,A,49,False
19bb5feb,human_success,9,0.2835,0.0,0.0,0.0,A,4,False
19bb5feb,codeit_success,284,0.1,0.0,0.0,0.0,A,4,False
19bb5feb,codeit_failed,58,0.0536,0.0,0.0,0.0,A,4,False
1a2e2828,human_success,6,0.125,0.0,0.0,0.0,A,1,True
1a2e2828,human_failed,2,0.0,0.0,0.0,0.0,A,1,True
1a2e2828,codeit_success,17,0.25,0.0,0.0,0.0,A,1,True
1a2e2828,codeit_failed,144,0.0,0.0,0.0,0.0,A,1,True
1a6449f1,human_success,7,0.7892,0.0,0.0,0.0,A,100,False
1a6449f1,human_failed,5,0.0,0.0,0.0,0.0,A,100,False
1a6449f1,codeit_failed,27,0.0,0.0,0.0,0.0,A,100,False
1acc24af,human_success,3,-0.0029,0.6667,0.3033,0.916667,B,12,False
1acc24af,human_failed,10,0.1342,0.5,0.336,0.916667,B,12,False
1acc24af,codeit_success,15,0.2952,0.4667,0.254,0.916667,B,12,False
1acc24af,codeit_failed,45,0.1159,0.5333,0.3758,0.916667,B,12,False
1c02dbbe,human_success,6,0.7441,0.3333,0.0933,0.48,B,117,False
1c02dbbe,human_failed,2,-0.5769,1.0,0.99,0.48,B,117,False
1c0d0a4b,human_success,6,0.4768,0.8333,0.03,0.52071,B,81,False
1c0d0a4b,human_failed,1,0.1929,0.0,0.0,0.52071,B,81,False
1c56ad9f,human_success,1,0.8056,0.0,0.0,0.84,B,36,False
1c56ad9f,human_failed,8,-0.2918,1.0,0.99,0.84,B,36,False
1d0a4b61,human_success,7,0.5954,0.4286,0.02,0.8864,B,71,False
1d0a4b61,human_failed,4,-1.3028,0.5,0.495,0.8864,B,71,False
1d0a4b61,codeit_failed,39,-0.6838,1.0,0.7895,0.8864,B,71,False
1d398264,human_success,8,0.3414,0.75,0.1175,0.784722,B,31,False
1d398264,human_failed,2,-1.8615,1.0,0.99,0.784722,B,31,False
1da012fc,human_success,11,0.1641,0.9091,0.1564,0.915789,B,40,False
1da012fc,human_failed,1,-5.4375,1.0,0.99,0.915789,B,40,False
1da012fc,codeit_failed,51,-1.378,1.0,0.99,0.915789,B,40,False
1e81d6f9,human_success,5,-2.1149,0.8,0.472,0.982222,B,4,False
1e81d6f9,human_failed,6,-0.525,1.0,0.8417,0.982222,B,4,False
1e81d6f9,codeit_failed,1,-0.25,1.0,0.99,0.982222,B,4,False
1e97544e,human_success,10,0.4071,0.9,0.025,0.862004,B,72,False
2037f2c7,human_success,6,0.3492,0.0,0.0,0.0,A,20,False
2037f2c7,human_failed,8,0.0,0.0,0.0,0.0,A,20,False
2072aba6,human_success,7,0.6784,0.0,0.0,0.0,A,36,False
2072aba6,human_failed,2,0.0,0.0,0.0,0.0,A,36,False
20818e16,human_success,7,0.2379,0.0,0.0,0.0,A,60,False
20818e16,human_failed,3,0.0,0.0,0.0,0.0,A,60,False
20981f0e,human_success,7,0.0129,0.7143,0.1871,0.900452,B,21,False
20981f0e,human_failed,4,-0.2576,0.5,0.495,0.900452,B,21,False
212895b5,human_success,4,0.1642,0.75,0.0725,0.925466,B,36,False
212895b5,human_failed,4,-2.9583,0.5,0.495,0.925466,B,36,False
21f83797,human_success,14,0.4228,0.8571,0.0879,0.538462,B,78,False
21f83797,human_failed,3,-0.1026,0.6667,0.66,0.538462,B,78,False
21f83797,codeit_success,2,0.6207,0.0,0.0,0.538462,B,78,False
22a4bbc2,human_success,6,-0.3979,1.0,0.4583,0.738636,B,23,False
22a4bbc2,human_failed,5,-0.2715,0.6,0.586,0.738636,B,23,False
25094a63,human_success,9,0.4575,0.7778,0.19,0.853333,B,131,False
25094a63,human_failed,6,-2.1855,0.6667,0.6583,0.853333,B,131,False
2546ccf6,human_success,10,-2.9347,0.9,0.423,0.976589,B,13,False
2546ccf6,human_failed,1,-0.1429,1.0,0.99,0.976589,B,13,False
2546ccf6,codeit_failed,55,-6.9982,1.0,0.9578,0.976589,B,13,False
256b0a75,human_success,6,0.5261,0.6667,0.04,0.498462,B,325,False
256b0a75,human_failed,3,0.2981,0.3333,0.33,0.498462,B,325,False
2685904e,human_success,5,-0.5685,1.0,0.23,0.88,B,12,False
2685904e,human_failed,4,-0.1624,0.75,0.5125,0.88,B,12,False
2697da3f,human_success,5,0.7372,0.0,0.0,0.0,A,289,False
2697da3f,human_failed,2,0.0,0.0,0.0,0.0,A,289,False
2753e76c,human_success,8,0.5075,0.0,0.0,0.0,A,15,False
2753e76c,human_failed,1,0.0,0.0,0.0,0.0,A,15,False
27a77e38,human_success,9,-26.5,0.7778,0.5567,0.987654,B,1,True
27a77e38,human_failed,4,-20.25,0.75,0.7425,0.987654,B,1,True
27a77e38,codeit_failed,18,-5.8188,0.9444,0.88,0.987654,B,1,True
27f8ce4f,human_success,2,0.6279,0.0,0.0,0.0,A,81,False
27f8ce4f,human_failed,3,0.1667,0.0,0.0,0.0,A,81,False
27f8ce4f,codeit_success,225,0.1382,0.0,0.0,0.0,A,81,False
27f8ce4f,codeit_failed,74,0.0987,0.0,0.0,0.0,A,81,False
281123b4,human_success,6,0.3918,0.0,0.0,0.0,A,16,False
281123b4,human_failed,3,0.0857,0.0,0.0,0.0,A,16,False
292dd178,human_success,5,0.2308,0.6,0.306,0.872727,B,21,False
292dd178,codeit_failed,2,-1.2202,1.0,0.99,0.872727,B,21,False
29700607,human_success,9,0.2615,1.0,0.2389,0.735537,B,32,False
29700607,human_failed,3,-0.0469,0.6667,0.66,0.735537,B,32,False
2a5f8217,human_success,4,-0.1555,1.0,0.17,0.87574,B,20,False
2a5f8217,human_failed,6,0.1862,0.5,0.34,0.87574,B,20,False
2a5f8217,codeit_failed,209,-1.0156,0.9713,0.7669,0.87574,B,20,False
2b01abd0,human_success,11,0.0795,0.7273,0.1582,0.901786,B,21,False
2b01abd0,human_failed,3,-3.0642,1.0,0.9867,0.901786,B,21,False
2c0b0aff,human_success,7,0.4287,0.0,0.0,0.0,A,80,False
2c0b0aff,human_failed,4,0.2577,0.0,0.0,0.0,A,80,False
2c0b0aff,codeit_success,1,0.375,0.0,0.0,0.0,A,80,False
2c0b0aff,codeit_failed,97,0.0,0.0,0.0,0.0,A,80,False
2c737e39,human_success,8,-0.8157,0.875,0.4012,0.909091,B,10,False
2c737e39,human_failed,6,-0.1026,0.5,0.495,0.909091,B,10,False
2f0c5170,human_success,7,0.6988,0.0,0.0,0.0,A,63,False
2f0c5170,human_failed,2,0.1528,0.0,0.0,0.0,A,63,False
310f3251,human_success,2,0.8651,0.0,0.0,0.0,A,144,False
310f3251,human_failed,5,0.0,0.0,0.0,0.0,A,144,False
310f3251,codeit_failed,83,0.1718,0.0,0.0,0.0,A,144,False
3194b014,human_success,10,0.3287,0.0,0.0,0.0,A,9,False
3194b014,human_failed,1,0.0,0.0,0.0,0.0,A,9,False
3194b014,codeit_success,152,0.3167,0.0,0.0,0.0,A,9,False
3194b014,codeit_failed,44,0.0,0.0,0.0,0.0,A,9,False
319f2597,human_success,7,0.3593,1.0,0.0743,0.84,B,64,False
319f2597,human_failed,2,0.2337,0.5,0.1,0.84,B,64,False
31adaf00,human_success,11,0.3051,1.0,0.2191,0.75,B,25,False
31adaf00,human_failed,2,-0.3175,0.5,0.495,0.75,B,25,False
31adaf00,codeit_failed,1,0.66,0.0,0.0,0.75,B,25,False
31d5ba1a,human_failed,9,0.3393,0.0,0.0,0.0,A,15,False
31d5ba1a,codeit_success,51,0.2577,0.0,0.0,0.0,A,15,False
31d5ba1a,codeit_failed,2,0.2361,0.0,0.0,0.0,A,15,False
32e9702f,human_success,6,0.4564,0.5,0.0783,0.12,B,88,False
32e9702f,human_failed,6,0.0213,0.1667,0.165,0.12,B,88,False
32e9702f,codeit_success,11,0.4222,0.3636,0.1091,0.12,B,88,False
32e9702f,codeit_failed,24,0.5361,0.2083,0.0992,0.12,B,88,False
332efdb3,human_success,14,0.5164,1.0,0.0929,0.206612,B,96,False
332efdb3,human_failed,1,0.5692,1.0,0.11,0.206612,B,96,False
3391f8c0,human_success,9,0.5587,0.5556,0.0389,0.766234,B,35,False
3391f8c0,human_failed,3,0.3752,0.3333,0.3,0.766234,B,35,False
33b52de3,human_success,8,0.3694,1.0,0.1525,0.73535,B,140,False
3490cc26,human_success,8,0.018,0.875,0.1787,0.901186,B,49,False
3490cc26,human_failed,2,0.1305,0.5,0.495,0.901186,B,49,False
34b99a2b,human_success,1,0.725,0.0,0.0,0.0,A,20,False
34b99a2b,human_failed,8,0.4251,0.0,0.0,0.0,A,20,False
34b99a2b,codeit_success,22,0.3227,0.0,0.0,0.0,A,20,False
351d6448,human_success,5,0.6281,0.0,0.0,0.0,A,39,False
351d6448,human_failed,2,0.0,0.0,0.0,0.0,A,39,False
358ba94e,human_success,9,0.4936,0.0,0.0,0.0,A,25,False
358ba94e,human_failed,1,0.0,0.0,0.0,0.0,A,25,False
358ba94e,codeit_success,66,0.25,0.0,0.0,0.0,A,25,False
358ba94e,codeit_failed,61,0.4014,0.0,0.0,0.0,A,25,False
37d3e8b2,human_success,2,0.2828,1.0,0.15,0.555556,B,136,False
37d3e8b2,human_failed,5,0.0,0.4,0.396,0.555556,B,136,False
3979b1a8,human_success,8,0.5423,0.0,0.0,0.0,A,100,False
3a301edc,human_success,9,0.4773,0.6667,0.13,0.637188,B,160,False
3a301edc,human_failed,3,-0.8781,1.0,0.99,0.637188,B,160,False
3a301edc,codeit_failed,39,-0.0618,0.641,0.5815,0.637188,B,160,False
3b4c2228,human_success,15,0.7222,0.0,0.0,0.0,A,9,False
3b4c2228,human_failed,2,0.5429,0.0,0.0,0.0,A,9,False
3b4c2228,codeit_success,89,0.2556,0.0,0.0,0.0,A,9,False
3b4c2228,codeit_failed,255,0.3019,0.0,0.0,0.0,A,9,False
3d31c5b3,human_success,3,0.7076,0.0,0.0,0.0,A,18,False
3d31c5b3,human_failed,8,0.1389,0.0,0.0,0.0,A,18,False
3ed85e70,human_success,4,0.7607,0.25,0.1925,0.971111,B,25,False
3ed85e70,human_failed,8,0.3691,0.375,0.3713,0.971111,B,25,False
3ee1011a,human_success,12,0.4393,0.0,0.0,0.0,A,49,False
3ee1011a,human_failed,3,0.0,0.0,0.0,0.0,A,49,False
3f23242b,human_success,4,0.4246,1.0,0.0375,0.712074,B,93,False
3f23242b,human_failed,2,-0.6183,0.5,0.495,0.712074,B,93,False
40f6cd08,human_success,3,0.4461,0.3333,0.0033,0.75,B,225,False
40f6cd08,human_failed,3,0.3955,0.3333,0.33,0.75,B,225,False
414297c0,human_success,7,0.7526,0.0,0.0,0.0,A,135,False
414297c0,human_failed,2,0.3217,0.0,0.0,0.0,A,135,False
423a55dc,human_success,3,0.5601,0.3333,0.1267,0.811189,B,27,False
423a55dc,human_failed,5,0.1146,0.6,0.418,0.811189,B,27,False
42918530,human_success,8,-0.2901,0.875,0.1862,0.9552,B,27,False
42918530,human_failed,3,-11.1948,1.0,0.71,0.9552,B,27,False
42918530,codeit_failed,133,-5.7029,1.0,0.9755,0.9552,B,27,False
42a15761,human_success,5,-1.4026,0.8,0.516,0.961722,B,7,False
42a15761,human_failed,1,-0.25,1.0,0.99,0.961722,B,7,False
4364c1c4,human_success,5,0.0944,1.0,0.24,0.89011,B,20,False
4364c1c4,human_failed,6,-0.5535,0.8333,0.7967,0.89011,B,20,False
456873bc,human_success,3,0.4701,1.0,0.0767,0.767313,B,84,False
456873bc,human_failed,2,-0.0528,0.5,0.495,0.767313,B,84,False
45737921,human_success,10,0.2332,0.9,0.094,0.75,B,18,False
45bbe264,human_success,10,0.4996,0.8,0.079,0.653333,B,78,False
45bbe264,human_failed,1,0.2111,0.0,0.0,0.653333,B,78,False
45bbe264,codeit_failed,34,0.4599,0.5588,0.2429,0.653333,B,78,False
477d2879,human_success,10,0.4724,0.5,0.129,0.035503,B,163,False
477d2879,human_failed,3,0.0432,0.0,0.0,0.035503,B,163,False
477d2879,codeit_failed,4,0.0145,0.0,0.0,0.035503,B,163,False
47996f11,human_success,1,0.4682,1.0,0.01,0.842222,B,142,False
47996f11,human_failed,8,0.0657,0.375,0.2263,0.842222,B,142,False
48131b3c,human_success,6,0.528,0.0,0.0,0.0,A,64,False
48131b3c,human_failed,6,0.0,0.0,0.0,0.0,A,64,False
48131b3c,codeit_success,47,0.125,0.0,0.0,0.0,A,64,False
48131b3c,codeit_failed,100,0.1784,0.0,0.0,0.0,A,64,False
4852f2fa,human_success,4,0.6633,0.0,0.0,0.0,A,18,False
4852f2fa,human_failed,4,0.0,0.0,0.0,0.0,A,18,False
4852f2fa,codeit_failed,366,0.0235,0.0,0.0,0.0,A,18,False
48f8583b,human_success,6,0.7257,0.0,0.0,0.0,A,81,False
48f8583b,human_failed,10,0.3679,0.0,0.0,0.0,A,81,False
48f8583b,codeit_success,149,0.1452,0.0,0.0,0.0,A,81,False
48f8583b,codeit_failed,66,0.1384,0.0,0.0,0.0,A,81,False
4aab4007,human_success,6,0.253,1.0,0.1533,0.839286,B,125,False
4aab4007,human_failed,1,0.7123,0.0,0.0,0.839286,B,125,False
4aab4007,codeit_failed,5,0.2619,0.0,0.0,0.839286,B,125,False
4acc7107,human_success,7,0.5584,1.0,0.0814,0.57,B,43,False
4acc7107,human_failed,5,0.301,0.4,0.212,0.57,B,43,False
4b6b68e5,human_success,12,0.3279,1.0,0.14,0.759615,B,150,False
4b6b68e5,human_failed,2,0.7971,0.0,0.0,0.759615,B,150,False
4c177718,human_success,8,0.7853,0.0,0.0,0.0,A,135,False
4c177718,human_failed,8,0.2093,0.0,0.0,0.0,A,135,False
4cd1b7b2,human_success,9,0.1172,0.7778,0.35,0.625,B,6,False
4cd1b7b2,human_failed,1,0.4444,0.0,0.0,0.625,B,6,False
4cd1b7b2,codeit_failed,32,-0.1637,1.0,0.4844,0.625,B,6,False
4e45f183,human_success,8,0.3933,0.625,0.1537,0.833795,B,59,False
4e45f183,human_failed,4,-1.6042,0.75,0.62,0.833795,B,59,False
4e469f39,human_success,12,0.0558,0.8333,0.2758,0.8,B,19,False
4e469f39,human_failed,2,-0.6863,1.0,0.855,0.8,B,19,False
4f537728,human_success,13,0.2036,0.8462,0.2069,0.885,B,46,False
4f537728,human_failed,1,-2.3696,1.0,0.99,0.885,B,46,False
4ff4c9da,human_success,1,0.4474,0.0,0.0,0.975309,B,18,False
4ff4c9da,human_failed,6,0.1638,0.5,0.3533,0.975309,B,18,False
4ff4c9da,codeit_failed,2,-2.7777,1.0,0.99,0.975309,B,18,False
505fff84,human_success,4,0.6417,0.0,0.0,0.0,A,25,False
505fff84,human_failed,4,0.0,0.0,0.0,0.0,A,25,False
505fff84,codeit_failed,1,0.0,0.0,0.0,0.0,A,25,False
506d28a5,human_success,3,0.4791,0.0,0.0,0.0,A,20,False
506d28a5,human_failed,4,0.2908,0.0,0.0,0.0,A,20,False
506d28a5,codeit_success,118,0.4132,0.0,0.0,0.0,A,20,False
506d28a5,codeit_failed,6,0.3355,0.0,0.0,0.0,A,20,False
50a16a69,human_success,6,0.4671,0.0,0.0,0.0,A,36,False
50a16a69,human_failed,2,0.0,0.0,0.0,0.0,A,36,False
50a16a69,codeit_success,1,0.1667,0.0,0.0,0.0,A,36,False
50aad11f,human_success,8,0.6525,0.0,0.0,0.0,A,48,False
50aad11f,human_failed,2,0.0,0.0,0.0,0.0,A,48,False
50f325b5,human_success,2,-0.1845,0.5,0.07,0.955882,B,11,False
50f325b5,human_failed,5,-5.7517,0.8,0.79,0.955882,B,11,False
516b51b7,human_success,7,0.47,0.7143,0.0186,0.729412,B,69,False
516b51b7,human_failed,1,0.7453,0.0,0.0,0.729412,B,69,False
5207a7b5,human_success,5,0.3704,0.8,0.214,0.688889,B,42,False
5207a7b5,human_failed,4,-2.1345,1.0,0.99,0.688889,B,42,False
5289ad53,human_success,8,0.2639,0.0,0.0,0.0,A,6,False
5289ad53,human_failed,3,0.369,0.0,0.0,0.0,A,6,False
52fd389e,human_success,6,0.15,0.8333,0.2067,0.643282,B,300,False
52fd389e,human_failed,2,-0.6187,0.5,0.495,0.643282,B,300,False
54db823b,human_success,5,0.2658,1.0,0.28,0.866667,B,29,False
54db823b,human_failed,2,-1.6635,1.0,0.96,0.866667,B,29,False
54db823b,codeit_failed,1,-0.0833,1.0,0.99,0.866667,B,29,False
55059096,human_success,16,-2.2622,0.875,0.2812,0.963801,B,7,False
55059096,human_failed,2,-6.8125,1.0,0.99,0.963801,B,7,False
551d5bf1,human_success,11,0.4904,0.9091,0.0736,0.748521,B,169,False
551d5bf1,human_failed,2,-0.7451,1.0,0.825,0.748521,B,169,False
55783887,human_success,3,-1.0663,0.6667,0.42,0.917763,B,25,False
55783887,human_failed,4,-0.2462,1.0,0.945,0.917763,B,25,False
55783887,codeit_failed,1,0.03,0.0,0.0,0.917763,B,25,False
575b1a71,human_success,11,-2.3933,1.0,0.3764,0.92,B,7,False
575b1a71,human_failed,1,0.1875,0.0,0.0,0.92,B,7,False
5783df64,human_success,15,0.4058,0.0,0.0,0.0,A,9,False
5833af48,human_success,1,0.7585,0.0,0.0,0.0,A,288,False
5833af48,human_failed,6,0.1944,0.0,0.0,0.0,A,288,False
58743b76,human_success,7,-0.3742,0.8571,0.2486,0.928571,B,13,False
58743b76,human_failed,2,-0.1283,0.5,0.12,0.928571,B,13,False
58e15b12,human_success,2,0.3682,1.0,0.045,0.860417,B,66,False
58e15b12,human_failed,10,0.414,0.3,0.297,0.860417,B,66,False
59341089,human_success,9,0.4236,0.0,0.0,0.0,A,36,False
59341089,human_failed,2,0.25,0.0,0.0,0.0,A,36,False
59341089,codeit_success,166,0.0834,0.0,0.0,0.0,A,36,False
59341089,codeit_failed,18,0.0827,0.0,0.0,0.0,A,36,False
5a5a2103,human_success,5,0.4157,0.8,0.148,0.6875,B,180,False
5af49b42,human_success,7,-0.7131,0.8571,0.4486,0.941176,B,18,False
5af49b42,human_failed,7,-11.9996,0.7143,0.7071,0.941176,B,18,False
5b526a93,human_success,8,0.4082,0.875,0.08,0.847619,B,96,False
5b692c0f,human_success,1,0.7353,0.0,0.0,0.949405,B,34,False
5b692c0f,human_failed,6,-0.7208,0.5,0.495,0.949405,B,34,False
5b6cbef5,human_success,7,0.8203,0.0,0.0,0.0,A,256,False
5b6cbef5,human_failed,6,0.5661,0.0,0.0,0.0,A,256,False
5d2a5c43,human_success,2,0.5657,0.0,0.0,0.0,A,24,False
5d2a5c43,human_failed,6,0.4047,0.0,0.0,0.0,A,24,False
5d2a5c43,codeit_success,211,0.4004,0.0,0.0,0.0,A,24,False
5d2a5c43,codeit_failed,5,0.479,0.0,0.0,0.0,A,24,False
5ffb2104,human_success,10,0.5519,1.0,0.089,0.59,B,41,False
5ffb2104,human_failed,2,0.1911,0.5,0.485,0.59,B,41,False
604001fa,human_success,5,0.3966,1.0,0.05,0.777778,B,40,False
604001fa,human_failed,6,0.3676,0.3333,0.33,0.777778,B,40,False
604001fa,codeit_failed,221,0.1867,0.1086,0.0315,0.777778,B,40,False
60a26a3e,human_success,4,-2.0882,0.75,0.255,0.955556,B,5,False
60a26a3e,human_failed,3,-10.9181,1.0,0.99,0.955556,B,5,False
60c09cac,human_success,5,0.7477,0.0,0.0,0.0,A,100,False
60c09cac,human_failed,4,0.156,0.0,0.0,0.0,A,100,False
60c09cac,codeit_success,143,0.1667,0.0,0.0,0.0,A,100,False
60c09cac,codeit_failed,17,0.21,0.0,0.0,0.0,A,100,False
626c0bcc,human_success,4,0.176,1.0,0.135,0.673469,B,16,False
626c0bcc,human_failed,2,0.3632,0.0,0.0,0.673469,B,16,False
62ab2642,human_success,5,-0.3115,1.0,0.368,0.8,B,11,False
62ab2642,human_failed,1,-0.5666,1.0,0.99,0.8,B,11,False
62ab2642,codeit_success,15,0.2222,0.0667,0.0613,0.8,B,11,False
62ab2642,codeit_failed,3,0.6944,0.3333,0.15,0.8,B,11,False
62b74c02,human_success,10,0.3085,0.9,0.202,0.285714,B,40,False
62b74c02,human_failed,3,-0.2,0.6667,0.66,0.285714,B,40,False
639f5a19,human_success,7,0.4867,0.5714,0.0229,0.553875,B,236,False
639f5a19,human_failed,5,-0.089,0.8,0.792,0.553875,B,236,False
642248e4,human_success,10,-1.1142,0.8,0.306,0.958333,B,11,False
642248e4,human_failed,3,-0.0208,0.6667,0.4967,0.958333,B,11,False
642d658d,human_success,5,0.125,0.0,0.0,0.0,A,1,True
642d658d,human_failed,1,0.0,0.0,0.0,0.0,A,1,True
642d658d,codeit_success,34,0.25,0.0,0.0,0.0,A,1,True
642d658d,codeit_failed,125,0.0,0.0,0.0,0.0,A,1,True
64a7c07e,human_success,5,0.7008,0.4,0.038,0.777778,B,32,False
64a7c07e,human_failed,2,0.1199,0.0,0.0,0.777778,B,32,False
64a7c07e,codeit_failed,17,0.0721,0.3529,0.2224,0.777778,B,32,False
66e6c45b,human_success,11,0.3021,0.9091,0.2364,0.5,B,8,False
66e6c45b,human_failed,1,-0.5,1.0,0.99,0.5,B,8,False
66f2d22f,human_success,4,0.7111,0.0,0.0,0.0,A,28,False
66f2d22f,human_failed,7,0.0,0.0,0.0,0.0,A,28,False
66f2d22f,codeit_success,142,0.2716,0.0,0.0,0.0,A,28,False
67636eac,human_success,12,0.5166,0.0,0.0,0.0,A,36,False
67636eac,human_failed,1,0.0,0.0,0.0,0.0,A,36,False
67b4a34d,human_success,4,0.3943,0.0,0.0,0.0,A,16,False
67b4a34d,human_failed,4,0.0715,0.0,0.0,0.0,A,16,False
67b4a34d,codeit_success,277,0.193,0.0,0.0,0.0,A,16,False
67b4a34d,codeit_failed,34,0.2885,0.0,0.0,0.0,A,16,False
67c52801,human_success,12,0.3197,1.0,0.1617,0.636364,B,28,False
67c52801,human_failed,1,-1.3125,1.0,0.99,0.636364,B,28,False
68b67ca3,human_success,10,0.5492,0.0,0.0,0.0,A,9,False
68b67ca3,human_failed,2,0.0,0.0,0.0,0.0,A,9,False
68b67ca3,codeit_success,124,0.1667,0.0,0.0,0.0,A,9,False
68b67ca3,codeit_failed,3,0.2195,0.0,0.0,0.0,A,9,False
692cd3b6,human_success,5,0.4794,0.6,0.128,0.653333,B,78,False
695367ec,human_success,5,0.6391,0.0,0.0,0.0,A,225,False
695367ec,human_failed,4,0.1582,0.0,0.0,0.0,A,225,False
696d4842,human_success,3,-1.3023,0.6667,0.36,0.965,B,14,False
696d4842,human_failed,4,0.0937,0.5,0.495,0.965,B,14,False
69889d6e,human_success,6,0.0466,1.0,0.1633,0.86,B,14,False
69889d6e,human_failed,3,0.3324,0.3333,0.33,0.86,B,14,False
6a11f6da,human_success,8,0.4898,0.0,0.0,0.0,A,25,False
6a11f6da,human_failed,5,0.5848,0.0,0.0,0.0,A,25,False
6ad5bdfd,human_success,5,0.4338,0.8,0.06,0.69,B,31,False
6ad5bdfd,human_failed,3,-0.482,1.0,0.99,0.69,B,31,False
6df30ad6,human_success,12,0.4867,0.6667,0.11,0.75,B,25,False
6df30ad6,human_failed,2,0.1232,1.0,0.145,0.75,B,25,False
6df30ad6,codeit_success,102,0.4044,0.3333,0.1263,0.75,B,25,False
6df30ad6,codeit_failed,136,0.4333,0.1029,0.0368,0.75,B,25,False
6ea4a07e,human_success,9,0.6778,0.0,0.0,0.0,A,9,False
6ea4a07e,human_failed,2,0.1278,0.0,0.0,0.0,A,9,False
6ea4a07e,codeit_success,41,0.6832,0.0,0.0,0.0,A,9,False
6ea4a07e,codeit_failed,183,0.5,0.0,0.0,0.0,A,9,False
6f473927,human_success,7,0.7446,0.0,0.0,0.0,A,144,False
6f473927,human_failed,2,0.2434,0.0,0.0,0.0,A,144,False
7039b2d7,human_success,8,0.2095,0.0,0.0,0.0,A,15,False
7039b2d7,human_failed,4,0.0,0.0,0.0,0.0,A,15,False
7039b2d7,codeit_success,7,0.1667,0.0,0.0,0.0,A,15,False
7039b2d7,codeit_failed,179,0.0,0.0,0.0,0.0,A,15,False
705a3229,human_success,16,0.0307,1.0,0.2213,0.857955,B,25,False
705a3229,human_failed,1,-0.135,1.0,0.98,0.857955,B,25,False
705a3229,codeit_failed,1,-0.22,1.0,0.99,0.857955,B,25,False
712bf12e,human_success,12,0.1048,0.9167,0.3075,0.83432,B,27,False
712bf12e,human_failed,4,-0.233,0.75,0.7425,0.83432,B,27,False
72207abc,human_success,5,-0.9997,1.0,0.376,0.942529,B,5,False
72207abc,human_failed,5,0.0,0.4,0.394,0.942529,B,5,False
72a961c9,human_success,8,-0.2381,1.0,0.3063,0.858586,B,14,False
72a961c9,human_failed,2,0.127,0.0,0.0,0.858586,B,14,False
73182012,human_success,16,0.5124,0.0,0.0,0.0,A,16,False
73182012,human_failed,3,0.0,0.0,0.0,0.0,A,16,False
73c3b0d8,human_success,3,-0.6999,1.0,0.2567,0.916667,B,8,False
73c3b0d8,human_failed,5,-0.0333,0.6,0.528,0.916667,B,8,False
73c3b0d8,codeit_failed,5,0.125,0.4,0.342,0.916667,B,8,False
73ccf9c2,human_success,9,0.5765,0.0,0.0,0.0,A,35,False
73ccf9c2,human_failed,6,0.0,0.0,0.0,0.0,A,35,False
73ccf9c2,codeit_failed,222,0.0,0.0,0.0,0.0,A,35,False
759f3fd3,human_success,6,0.3356,0.8333,0.1017,0.569444,B,62,False
759f3fd3,human_failed,1,0.2601,0.0,0.0,0.569444,B,62,False
762cd429,human_success,8,0.1917,0.875,0.1625,0.3,B,336,False
762cd429,human_failed,3,0.3195,0.0,0.0,0.3,B,336,False
770cc55f,human_success,6,-0.3483,0.8333,0.4067,0.854545,B,8,False
770cc55f,human_failed,2,-0.35,1.0,0.895,0.854545,B,8,False
782b5218,human_success,6,0.1489,0.8333,0.4433,0.6,B,40,False
782b5218,human_failed,2,-0.5112,1.0,0.53,0.6,B,40,False
79369cc6,human_success,3,-0.1666,1.0,0.0767,0.925,B,17,False
79369cc6,human_failed,4,-0.0509,1.0,0.9025,0.925,B,17,False
7953d61e,human_success,3,0.5881,0.0,0.0,0.0,A,64,False
7953d61e,human_failed,8,0.3277,0.0,0.0,0.0,A,64,False
7953d61e,codeit_success,51,0.0626,0.0,0.0,0.0,A,64,False
79fb03f4,human_failed,6,0.3993,0.3333,0.33,0.801775,B,134,False
7bb29440,human_success,5,0.3599,0.0,0.0,0.0,A,24,False
7bb29440,human_failed,2,0.0,0.0,0.0,0.0,A,24,False
7bb29440,codeit_success,8,0.4619,0.0,0.0,0.0,A,24,False
7bb29440,codeit_failed,128,0.0,0.0,0.0,0.0,A,24,False
7c8af763,human_success,8,0.4328,0.75,0.1212,0.52,B,48,False
7c8af763,human_failed,4,0.0757,0.5,0.4875,0.52,B,48,False
7c9b52a0,human_success,13,0.5086,0.0,0.0,0.0,A,15,False
7c9b52a0,human_failed,3,0.0,0.0,0.0,0.0,A,15,False
7d18a6fb,human_success,11,0.6657,0.0,0.0,0.0,A,49,False
7d18a6fb,human_failed,2,0.0,0.0,0.0,0.0,A,49,False
7d1f7ee8,human_success,9,0.3227,0.8889,0.19,0.85468,B,117,False
7d1f7ee8,human_failed,1,-4.4109,1.0,0.99,0.85468,B,117,False
7d1f7ee8,codeit_failed,203,-0.6511,1.0,0.9618,0.85468,B,117,False
7d419a02,human_success,2,0.6138,0.0,0.0,0.722,B,139,False
7d419a02,human_failed,5,-0.0417,0.6,0.566,0.722,B,139,False
7e02026e,human_success,4,0.1,0.75,0.0675,0.875,B,18,False
7e02026e,human_failed,4,0.1484,0.5,0.495,0.875,B,18,False
7ee1c6ea,human_success,11,0.3293,0.8182,0.1573,0.72,B,28,False
7ee1c6ea,human_failed,3,-0.2223,1.0,0.97,0.72,B,28,False
817e6c09,human_success,2,0.258,0.5,0.125,0.847619,B,16,False
817e6c09,human_failed,3,-0.125,1.0,0.99,0.847619,B,16,False
817e6c09,codeit_failed,97,-1.4028,0.6907,0.5199,0.847619,B,16,False
81c0276b,human_success,7,0.4422,0.0,0.0,0.0,A,16,False
833dafe3,human_success,9,0.7614,0.0,0.0,0.0,A,256,False
833dafe3,human_failed,1,0.0,0.0,0.0,0.0,A,256,False
833dafe3,codeit_success,270,0.0626,0.0,0.0,0.0,A,256,False
833dafe3,codeit_failed,10,0.0637,0.0,0.0,0.0,A,256,False
845d6e51,human_success,8,0.286,0.875,0.0988,0.872549,B,39,False
845d6e51,human_failed,1,0.0,0.0,0.0,0.872549,B,39,False
84db8fc4,human_success,2,0.127,0.5,0.325,0.65,B,35,False
84db8fc4,human_failed,4,0.2905,0.25,0.01,0.65,B,35,False
84db8fc4,codeit_success,33,0.6798,0.3333,0.1118,0.65,B,35,False
84db8fc4,codeit_failed,7,0.5267,0.0,0.0,0.65,B,35,False
84f2aca1,human_success,7,-1.9762,0.8571,0.2586,0.955128,B,6,False
84f2aca1,human_failed,2,-1.9955,1.0,0.585,0.955128,B,6,False
84f2aca1,codeit_success,4,0.4583,0.0,0.0,0.955128,B,6,False
84f2aca1,codeit_failed,222,0.0724,0.3288,0.2317,0.955128,B,6,False
8597cfd7,human_success,11,0.2857,0.0,0.0,0.0,A,4,False
8597cfd7,human_failed,1,0.0,0.0,0.0,0.0,A,4,False
8597cfd7,codeit_success,121,0.25,0.0,0.0,0.0,A,4,False
8597cfd7,codeit_failed,76,0.0,0.0,0.0,0.0,A,4,False
85b81ff1,human_success,6,0.0561,0.8333,0.2833,0.89011,B,20,False
85b81ff1,human_failed,8,0.1533,0.5,0.4138,0.89011,B,20,False
85fa5666,human_success,4,0.1587,0.75,0.2225,0.75,B,16,False
85fa5666,human_failed,5,-2.8122,0.6,0.594,0.75,B,16,False
8719f442,human_failed,7,0.3644,0.0,0.0,0.0,A,225,False
88207623,human_success,9,0.0779,0.7778,0.2356,0.90625,B,27,False
88207623,human_failed,2,-0.2913,0.5,0.495,0.90625,B,27,False
891232d6,human_success,1,0.904,0.0,0.0,0.853333,B,98,False
891232d6,human_failed,5,-0.0787,0.8,0.74,0.853333,B,98,False
896d5239,human_success,6,-0.2413,1.0,0.125,0.907407,B,24,False
896d5239,human_failed,3,0.6082,0.3333,0.33,0.907407,B,24,False
8a371977,human_success,6,0.3102,1.0,0.1733,0.555556,B,400,False
8a371977,human_failed,1,-0.9275,1.0,0.99,0.555556,B,400,False
8b28cd80,human_success,4,0.6817,0.0,0.0,0.0,A,81,False
8b28cd80,human_failed,9,0.4568,0.0,0.0,0.0,A,81,False
8ba14f53,human_success,7,0.6389,0.0,0.0,0.0,A,9,False
8ba14f53,human_failed,6,0.25,0.0,0.0,0.0,A,9,False
8cb8642d,human_success,5,0.5191,0.8,0.036,0.662281,B,154,False
8dae5dfc,human_success,6,0.4391,0.6667,0.0567,0.455263,B,207,False
8dae5dfc,human_failed,1,0.8972,0.0,0.0,0.455263,B,207,False
8e2edd66,human_success,4,0.8169,0.0,0.0,0.0,A,81,False
8e2edd66,human_failed,11,0.6961,0.0,0.0,0.0,A,81,False
8e2edd66,codeit_success,27,0.1658,0.0,0.0,0.0,A,81,False
8e2edd66,codeit_failed,23,0.1077,0.0,0.0,0.0,A,81,False
8ee62060,human_success,8,0.4958,0.75,0.0737,0.755102,B,48,False
8ee62060,human_failed,3,-0.0188,1.0,0.8267,0.755102,B,48,False
8fbca751,human_success,8,0.366,0.625,0.1,0.739583,B,24,False
8fbca751,human_failed,2,-0.26,0.5,0.495,0.739583,B,24,False
8fbca751,codeit_failed,31,-1.07,0.871,0.729,0.739583,B,24,False
90347967,human_success,2,0.2261,0.5,0.115,0.802469,B,16,False
90347967,human_failed,6,-0.0176,0.6667,0.5233,0.802469,B,16,False
90347967,codeit_failed,95,-0.0937,1.0,0.8037,0.802469,B,16,False
903d1b4a,human_success,15,-0.0439,0.7333,0.1887,0.921875,B,20,False
903d1b4a,human_failed,3,-0.125,0.6667,0.66,0.921875,B,20,False
9110e3c5,human_success,8,0.6778,0.0,0.0,0.0,A,9,False
9110e3c5,codeit_failed,4,0.3345,0.0,0.0,0.0,A,9,False
917bccba,human_success,10,0.1418,0.9,0.293,0.8125,B,27,False
917bccba,human_failed,3,-0.4848,1.0,0.9133,0.8125,B,27,False
929ab4e9,human_success,2,-6.9552,1.0,0.455,0.942708,B,32,False
929ab4e9,human_failed,6,-0.0288,0.6667,0.55,0.942708,B,32,False
929ab4e9,codeit_success,42,0.5392,0.3095,0.0957,0.942708,B,32,False
929ab4e9,codeit_failed,5,0.4903,0.2,0.168,0.942708,B,32,False
92e50de0,human_success,6,0.7087,0.3333,0.0233,0.942925,B,47,False
92e50de0,human_failed,1,0.5277,0.0,0.0,0.942925,B,47,False
9356391f,human_success,5,0.4417,1.0,0.044,0.75,B,64,False
9356391f,human_failed,4,-0.4235,0.75,0.7425,0.75,B,64,False
93b4f4b3,human_success,6,0.312,0.0,0.0,0.0,A,85,False
93b4f4b3,human_failed,2,0.0,0.0,0.0,0.0,A,85,False
93c31fbe,human_success,7,0.2371,0.7143,0.2243,0.950549,B,36,False
93c31fbe,human_failed,3,-0.0139,0.6667,0.66,0.950549,B,36,False
94133066,human_success,2,0.6446,0.0,0.0,0.0,A,130,False
94133066,human_failed,6,0.0,0.0,0.0,0.0,A,130,False
94133066,codeit_success,11,0.303,0.0,0.0,0.0,A,130,False
94133066,codeit_failed,25,0.1067,0.0,0.0,0.0,A,130,False
94414823,human_success,13,-0.386,1.0,0.4231,0.84,B,16,False
94414823,human_failed,2,-2.2924,1.0,0.71,0.84,B,16,False
94be5b80,human_success,7,0.3839,1.0,0.0629,0.8,B,53,False
94be5b80,human_failed,1,-2.0,1.0,0.99,0.8,B,53,False
95a58926,human_success,8,0.3106,1.0,0.1675,0.895623,B,61,False
95a58926,human_failed,2,-3.8115,0.5,0.495,0.895623,B,61,False
963f59bc,human_success,9,-0.6994,0.6667,0.1644,0.946429,B,12,False
963f59bc,human_failed,1,-8.0417,1.0,0.99,0.946429,B,12,False
96a8c0cd,human_success,5,0.2895,1.0,0.046,0.891247,B,40,False
96a8c0cd,human_failed,5,-1.0834,1.0,0.99,0.891247,B,40,False
97239e3d,human_success,10,0.41,0.8,0.093,0.806228,B,55,False
97239e3d,human_failed,4,0.0263,0.5,0.3375,0.806228,B,55,False
9772c176,human_success,4,0.1132,0.75,0.18,0.93,B,27,False
9772c176,human_failed,3,-1.5357,1.0,0.99,0.93,B,27,False
981571dc,human_success,5,0.0503,0.8,0.044,0.966667,B,29,False
981571dc,human_failed,3,0.275,0.3333,0.33,0.966667,B,29,False
992798f6,human_success,7,-1.0918,0.8571,0.1886,0.957031,B,11,False
992798f6,human_failed,3,-0.1894,0.6667,0.6067,0.957031,B,11,False
99306f82,human_success,7,0.2734,1.0,0.2929,0.67,B,131,False
99306f82,human_failed,3,-0.0,0.6667,0.3367,0.67,B,131,False
99306f82,codeit_failed,113,-0.227,1.0,0.6813,0.67,B,131,False
9a4bb226,human_success,7,0.4454,0.0,0.0,0.0,A,9,False
9a4bb226,human_failed,3,0.0,0.0,0.0,0.0,A,9,False
9a4bb226,codeit_success,58,0.4137,0.0,0.0,0.0,A,9,False
9a4bb226,codeit_failed,546,0.3518,0.0,0.0,0.0,A,9,False
9b2a60aa,human_success,7,0.0672,0.8571,0.1386,0.923077,B,23,False
9b2a60aa,human_failed,6,-1.2362,0.8333,0.8233,0.923077,B,23,False
9b365c51,human_success,4,0.5431,0.75,0.0575,0.520408,B,94,False
9b365c51,human_failed,3,0.243,0.6667,0.34,0.520408,B,94,False
9b4c17c4,human_success,5,-4.0022,1.0,0.99,0.802469,B,16,False
9b4c17c4,human_failed,1,-3.8368,1.0,0.99,0.802469,B,16,False
9bebae7a,human_success,9,0.3868,0.7778,0.1133,0.886364,B,15,False
9bebae7a,human_failed,4,-0.287,1.0,0.79,0.886364,B,15,False
9c1e755f,human_success,11,0.4357,0.7273,0.1064,0.62,B,38,False
9c1e755f,human_failed,4,0.3553,0.5,0.3825,0.62,B,38,False
9c56f360,human_success,6,-0.2121,0.6667,0.3483,0.82716,B,14,False
9c56f360,human_failed,4,-0.4643,0.5,0.495,0.82716,B,14,False
9caba7c3,human_success,4,0.1357,0.5,0.0725,0.927978,B,25,False
9caba7c3,human_failed,4,-0.2531,0.5,0.495,0.927978,B,25,False
9ddd00f0,human_success,8,0.4395,1.0,0.1975,0.626039,B,135,False
9ddd00f0,human_failed,4,-0.4556,0.75,0.6625,0.626039,B,135,False
9def23fe,human_success,4,0.6901,0.5,0.1625,0.715,B,114,False
9def23fe,human_failed,5,0.4558,0.2,0.002,0.715,B,114,False
9f27f097,human_success,7,-0.3877,0.8571,0.4129,0.916667,B,12,False
9f27f097,human_failed,3,0.2067,0.3333,0.33,0.916667,B,12,False
a04b2602,human_success,9,0.4625,0.8889,0.15,0.75463,B,105,False
a04b2602,human_failed,2,0.8666,0.0,0.0,0.75463,B,105,False
a096bf4d,human_success,7,-0.9954,0.7143,0.2286,0.983728,B,11,False
a096bf4d,human_failed,6,-0.25,1.0,0.8817,0.983728,B,11,False
a3f84088,human_success,3,0.6518,0.6667,0.0433,0.545556,B,409,False
a3f84088,human_failed,2,-0.2237,0.5,0.495,0.545556,B,409,False
a3f84088,codeit_failed,317,-0.1414,0.9621,0.638,0.545556,B,409,False
a406ac07,human_success,9,0.3019,0.7778,0.2089,0.83,B,17,False
a406ac07,human_failed,2,0.261,0.0,0.0,0.83,B,17,False
a57f2f04,human_success,4,0.157,1.0,0.2225,0.856643,B,81,False
a57f2f04,human_failed,5,-0.0079,0.6,0.594,0.856643,B,81,False
a59b95c0,human_success,8,0.4411,0.0,0.0,0.0,A,144,False
a59b95c0,human_failed,5,0.0,0.0,0.0,0.0,A,144,False
a59b95c0,codeit_success,1,0.1,0.0,0.0,0.0,A,144,False
a59b95c0,codeit_failed,623,0.0,0.0,0.0,0.0,A,144,False
a680ac02,human_success,8,0.5594,0.0,0.0,0.0,A,48,False
a680ac02,human_failed,2,0.0,0.0,0.0,0.0,A,48,False
a8610ef7,human_failed,8,-0.5827,1.0,0.99,0.722222,B,10,False
a934301b,human_success,12,0.4388,1.0,0.1142,0.692308,B,48,False
a934301b,human_failed,2,-0.1637,0.5,0.495,0.692308,B,48,False
aa18de87,human_success,6,0.3275,0.6667,0.1683,0.638889,B,13,False
aa18de87,human_failed,3,0.1668,0.6667,0.4533,0.638889,B,13,False
aa18de87,codeit_success,155,-0.6397,0.9742,0.7113,0.638889,B,13,False
aa18de87,codeit_failed,95,-1.1154,0.9579,0.8664,0.638889,B,13,False
aa300dc3,human_success,10,-1.706,1.0,0.5,0.93,B,6,False
aa4ec2a5,human_success,11,0.4105,0.5455,0.0755,0.655271,B,241,False
aa4ec2a5,human_failed,3,0.3936,0.3333,0.33,0.655271,B,241,False
aab50785,human_success,3,0.578,0.0,0.0,0.0,A,32,False
aab50785,human_failed,5,0.0,0.0,0.0,0.0,A,32,False
ac0c5833,human_success,9,0.3415,0.7778,0.0867,0.932785,B,48,False
ac0c5833,human_failed,2,0.0019,0.5,0.495,0.932785,B,48,False
ac2e8ecf,human_success,4,0.1909,1.0,0.2725,0.616667,B,92,False
ac2e8ecf,human_failed,3,-1.4478,1.0,0.8267,0.616667,B,92,False
ac3e2b04,human_success,11,0.3207,0.7273,0.1045,0.791667,B,60,False
ac3e2b04,human_failed,4,0.2719,0.0,0.0,0.791667,B,60,False
ac3e2b04,codeit_failed,51,-0.1456,0.902,0.7443,0.791667,B,60,False
ac605cbb,human_success,5,0.2248,0.8,0.098,0.842975,B,19,False
ac605cbb,human_failed,7,0.2368,0.4286,0.4243,0.842975,B,19,False
ad7e01d0,human_success,4,0.8966,0.0,0.0,0.0,A,625,False
ad7e01d0,human_failed,14,0.0,0.0,0.0,0.0,A,625,False
ad7e01d0,codeit_failed,108,0.0,0.0,0.0,0.0,A,625,False
ae58858e,human_success,7,-0.3568,0.8571,0.44,0.8125,B,9,False
ae58858e,human_failed,3,0.0,0.6667,0.2167,0.8125,B,9,False
ae58858e,codeit_failed,21,0.1389,0.2857,0.2219,0.8125,B,9,False
aee291af,human_success,8,0.5886,0.0,0.0,0.0,A,25,False
aee291af,human_failed,3,0.0,0.0,0.0,0.0,A,25,False
af22c60d,human_success,3,0.4256,0.6667,0.0167,0.937778,B,55,False
af22c60d,human_failed,3,0.5387,0.0,0.0,0.937778,B,55,False
af24b4cc,human_success,9,0.6056,0.0,0.0,0.0,A,20,False
af24b4cc,human_failed,1,0.0,0.0,0.0,0.0,A,20,False
b0722778,human_success,3,0.7415,0.0,0.0,0.0,A,16,False
b0722778,human_failed,7,0.15,0.0,0.0,0.0,A,16,False
b0f4d537,human_success,9,0.6803,0.0,0.0,0.0,A,84,False
b0f4d537,human_failed,3,0.0,0.0,0.0,0.0,A,84,False
b15fca0b,human_success,11,0.2549,0.9091,0.2591,0.74,B,26,False
b15fca0b,codeit_failed,66,-0.7506,0.8939,0.8509,0.74,B,26,False
b1fc8b8e,human_success,5,0.3792,0.0,0.0,0.0,A,25,False
b1fc8b8e,human_failed,3,0.0,0.0,0.0,0.0,A,25,False
b20f7c8b,human_success,6,0.4271,0.8333,0.2033,0.747475,B,99,False
b20f7c8b,human_failed,5,0.1226,0.2,0.198,0.747475,B,99,False
b457fec5,human_success,4,0.6775,0.5,0.015,0.63285,B,227,False
b457fec5,human_failed,2,-0.441,0.5,0.495,0.63285,B,227,False
b4a43f3b,human_failed,10,0.4766,0.0,0.0,0.0,A,324,False
b7999b51,human_success,12,0.6758,0.0,0.0,0.0,A,30,False
b7999b51,human_failed,3,0.0,0.0,0.0,0.0,A,30,False
b7cb93ac,human_success,12,0.4283,0.0,0.0,0.0,A,12,False
b7cb93ac,human_failed,3,0.0,0.0,0.0,0.0,A,12,False
b7f8a4d8,human_success,3,0.4716,0.6667,0.0367,0.893333,B,96,False
b7f8a4d8,human_failed,7,0.0199,0.5714,0.3271,0.893333,B,96,False
b7f8a4d8,codeit_failed,136,-2.0459,0.9559,0.7578,0.893333,B,96,False
b7fb29bc,human_success,7,0.2174,1.0,0.2129,0.786667,B,48,False
b7fb29bc,human_failed,2,-0.8413,0.5,0.495,0.786667,B,48,False
b7fb29bc,codeit_failed,16,0.1078,0.375,0.2356,0.786667,B,48,False
b942fd60,human_success,4,0.5314,0.0,0.0,0.641667,B,42,False
b942fd60,human_failed,11,0.0712,0.3636,0.3591,0.641667,B,42,False
b9630600,human_success,6,0.3097,0.6667,0.0233,0.932222,B,61,False
b9630600,human_failed,3,-1.6339,1.0,0.8,0.932222,B,61,False
ba9d41b8,human_success,6,0.3724,1.0,0.1133,0.808864,B,68,False
baf41dbf,human_success,7,0.3757,1.0,0.1086,0.816176,B,50,False
baf41dbf,human_failed,4,-1.235,0.75,0.7425,0.816176,B,50,False
bb52a14b,human_success,4,-3.5297,1.0,0.225,0.979339,B,10,False
bb52a14b,human_failed,4,-1.2868,0.75,0.7425,0.979339,B,10,False
bbb1b8b6,human_success,9,0.4156,0.0,0.0,0.0,A,16,False
bbb1b8b6,human_failed,4,0.0,0.0,0.0,0.0,A,16,False
bbb1b8b6,codeit_success,11,0.5542,0.0,0.0,0.0,A,16,False
bbb1b8b6,codeit_failed,235,0.1919,0.0,0.0,0.0,A,16,False
bc4146bd,human_success,5,0.481,0.0,0.0,0.0,A,80,False
bc4146bd,human_failed,7,0.0882,0.0,0.0,0.0,A,80,False
bc4146bd,codeit_success,138,0.0372,0.0,0.0,0.0,A,80,False
bc4146bd,codeit_failed,1,0.0,0.0,0.0,0.0,A,80,False
bcb3040b,human_success,5,-0.6977,1.0,0.122,0.950617,B,16,False
bcb3040b,human_failed,2,0.1146,0.5,0.495,0.950617,B,16,False
bd14c3bf,human_success,10,0.4388,0.7,0.061,0.831025,B,61,False
bd14c3bf,human_failed,6,-0.1395,0.8333,0.7117,0.831025,B,61,False
be03b35f,human_success,7,0.3333,0.0,0.0,0.0,A,4,False
be03b35f,human_failed,3,0.2708,0.0,0.0,0.0,A,4,False
be03b35f,codeit_success,335,0.1,0.0,0.0,0.0,A,4,False
be03b35f,codeit_failed,64,0.0833,0.0,0.0,0.0,A,4,False
bf32578f,human_success,4,0.4744,0.75,0.15,0.625,B,24,False
bf32578f,human_failed,6,-0.1743,0.5,0.495,0.625,B,24,False
bf699163,human_success,9,0.6905,0.0,0.0,0.0,A,9,False
bf699163,codeit_success,2,0.5,0.0,0.0,0.0,A,9,False
bf699163,codeit_failed,188,0.0,0.0,0.0,0.0,A,9,False
bf89d739,human_success,7,-0.4454,0.8571,0.2814,0.920168,B,19,False
bf89d739,human_failed,1,0.1579,0.0,0.0,0.920168,B,19,False
c074846d,human_success,7,-1.3644,0.8571,0.28,0.925926,B,6,False
c074846d,human_failed,2,-6.1598,1.0,0.895,0.925926,B,6,False
c074846d,codeit_failed,19,-0.2237,1.0,0.8711,0.925926,B,6,False
c1990cce,human_success,4,0.8492,0.0,0.0,0.0,A,289,False
c1990cce,human_failed,5,0.0,0.0,0.0,0.0,A,289,False
c3202e5a,human_success,8,0.6289,0.0,0.0,0.0,A,25,False
c3202e5a,human_failed,1,0.0,0.0,0.0,0.0,A,25,False
c3202e5a,codeit_failed,2,0.0,0.0,0.0,0.0,A,25,False
c35c1b4c,human_success,4,0.3454,0.5,0.1975,0.88,B,12,False
c35c1b4c,human_failed,5,-0.4583,0.6,0.594,0.88,B,12,False
c48954c1,human_success,3,0.4772,0.0,0.0,0.0,A,81,False
c48954c1,human_failed,4,0.2829,0.0,0.0,0.0,A,81,False
c62e2108,human_success,5,0.5254,0.4,0.052,0.75,B,144,False
c62e2108,human_failed,4,0.2448,0.25,0.2475,0.75,B,144,False
c64f1187,human_success,12,0.7966,0.0,0.0,0.0,A,121,False
c64f1187,human_failed,3,0.0,0.0,0.0,0.0,A,121,False
c658a4bd,human_success,6,0.3863,0.0,0.0,0.0,A,100,False
c658a4bd,human_failed,4,0.0,0.0,0.0,0.0,A,100,False
c663677b,human_success,3,-0.7253,0.6667,0.3167,0.888889,B,81,False
c663677b,human_failed,5,0.0198,0.4,0.396,0.888889,B,81,False
c6e1b8da,human_success,7,0.2477,0.8571,0.17,0.8275,B,69,False
c6e1b8da,human_failed,2,-0.044,1.0,0.56,0.8275,B,69,False
c7d4e6ad,human_success,7,0.275,1.0,0.1014,0.8,B,19,False
c7d4e6ad,human_failed,1,-0.05,1.0,0.99,0.8,B,19,False
c87289bb,human_success,7,0.4378,0.5714,0.0686,0.78,B,32,False
c87289bb,human_failed,1,-0.0076,1.0,0.49,0.78,B,32,False
c8b7cc0f,human_success,9,0.6531,0.0,0.0,0.0,A,9,False
c8b7cc0f,human_failed,2,0.4475,0.0,0.0,0.0,A,9,False
c8b7cc0f,codeit_failed,3,0.4167,0.0,0.0,0.0,A,9,False
c92b942c,human_success,4,0.7511,0.0,0.0,0.0,A,81,False
c92b942c,human_failed,8,0.2702,0.0,0.0,0.0,A,81,False
c97c0139,human_success,6,0.4157,0.6667,0.0567,0.848485,B,69,False
c97c0139,human_failed,5,-2.1078,1.0,0.99,0.848485,B,69,False
ca8de6ea,human_success,8,0.45,0.0,0.0,0.0,A,9,False
ca8de6ea,human_failed,3,0.0,0.0,0.0,0.0,A,9,False
ca8f78db,human_success,8,0.2861,0.875,0.0938,0.918889,B,73,False
ca8f78db,codeit_failed,1,-3.3265,1.0,0.99,0.918889,B,73,False
cad67732,human_success,8,0.8623,0.0,0.0,0.0,A,400,False
cad67732,human_failed,2,0.0281,0.0,0.0,0.0,A,400,False
cb227835,human_success,4,0.0766,0.75,0.215,0.89011,B,20,False
cb227835,human_failed,4,-0.0066,0.75,0.58,0.89011,B,20,False
ccd554ac,human_success,4,0.5948,0.0,0.0,0.0,A,625,False
ccd554ac,human_failed,6,0.0,0.0,0.0,0.0,A,625,False
ccd554ac,codeit_failed,268,0.0,0.0,0.0,0.0,A,625,False
cd3c21df,human_success,11,0.375,0.0,0.0,0.0,A,6,False
cd3c21df,human_failed,1,0.0,0.0,0.0,0.0,A,6,False
cd3c21df,codeit_success,21,0.8333,0.0,0.0,0.0,A,6,False
cd3c21df,codeit_failed,169,0.456,0.0,0.0,0.0,A,6,False
ce039d91,human_success,4,0.4165,0.5,0.075,0.8,B,19,False
ce039d91,human_failed,9,0.2211,0.1111,0.0289,0.8,B,19,False
ce8d95cc,human_success,3,0.5841,0.0,0.0,0.0,A,63,False
ce8d95cc,human_failed,3,0.0,0.0,0.0,0.0,A,63,False
cf133acc,human_success,7,0.2047,0.8571,0.1586,0.88,B,27,False
cf133acc,human_failed,2,-0.7177,1.0,0.99,0.88,B,27,False
cfb2ce5a,human_success,6,0.3682,1.0,0.175,0.63,B,37,False
cfb2ce5a,human_failed,8,0.0765,0.5,0.4587,0.63,B,37,False
d017b73f,human_success,6,0.5273,0.0,0.0,0.0,A,24,False
d017b73f,human_failed,6,0.0,0.0,0.0,0.0,A,24,False
d19f7514,human_success,4,0.5839,0.0,0.0,0.0,A,24,False
d19f7514,human_failed,9,0.4253,0.0,0.0,0.0,A,24,False
d19f7514,codeit_success,61,0.3417,0.0,0.0,0.0,A,24,False
d19f7514,codeit_failed,2,0.4891,0.0,0.0,0.0,A,24,False
d282b262,human_success,4,0.6048,0.75,0.0275,0.595556,B,91,False
d282b262,human_failed,3,0.0455,0.3333,0.08,0.595556,B,91,False
d2acf2cb,human_success,6,0.6027,0.3333,0.0683,0.733333,B,24,False
d2acf2cb,human_failed,3,0.0278,0.3333,0.3267,0.733333,B,24,False
d2acf2cb,codeit_failed,1,-0.2291,1.0,0.5,0.733333,B,24,False
d304284e,human_success,9,0.3434,0.7778,0.0789,0.911491,B,57,False
d304284e,human_failed,3,-1.4195,1.0,0.99,0.911491,B,57,False
d37a1ef5,human_success,9,0.1208,0.8889,0.2367,0.788462,B,33,False
d37a1ef5,human_failed,1,-0.0076,1.0,0.5,0.788462,B,33,False
d37a1ef5,codeit_failed,123,-0.6711,0.8943,0.6689,0.788462,B,33,False
d47aa2ff,human_success,4,0.7842,0.0,0.0,0.0,A,100,False
d47aa2ff,human_failed,3,0.7667,0.0,0.0,0.0,A,100,False
d492a647,human_success,5,0.3674,1.0,0.056,0.827451,B,44,False
d492a647,human_failed,4,-0.6655,1.0,0.885,0.827451,B,44,False
d4b1c2b1,human_success,6,0.2742,0.0,0.0,0.0,A,225,False
d4b1c2b1,human_failed,6,0.0,0.0,0.0,0.0,A,225,False
d4b1c2b1,codeit_success,103,0.1667,0.0,0.0,0.0,A,225,False
d4b1c2b1,codeit_failed,197,0.0,0.0,0.0,0.0,A,225,False
d4c90558,human_success,10,0.6109,0.0,0.0,0.0,A,24,False
d56f2372,human_success,4,0.6706,0.0,0.0,0.0,A,54,False
d56f2372,human_failed,3,0.0,0.0,0.0,0.0,A,54,False
d56f2372,codeit_failed,305,0.0,0.0,0.0,0.0,A,54,False
d5c634a2,human_success,5,0.6396,0.0,0.0,0.0,A,18,False
d5c634a2,human_failed,7,0.0,0.0,0.0,0.0,A,18,False
d5c634a2,codeit_failed,1,0.1991,0.0,0.0,0.0,A,18,False
d931c21c,human_success,9,0.4877,0.5556,0.0078,0.855556,B,130,False
d931c21c,human_failed,2,0.7884,0.0,0.0,0.855556,B,130,False
d931c21c,codeit_failed,62,-0.0403,0.8871,0.7806,0.855556,B,130,False
d94c3b52,human_success,4,0.4016,1.0,0.035,0.84,B,68,False
d94c3b52,human_failed,4,-0.2592,1.0,0.99,0.84,B,68,False
da2b0fe3,human_success,10,-0.669,1.0,0.472,0.9,B,9,False
da2b0fe3,human_failed,1,-4.927,1.0,0.99,0.9,B,9,False
da2b0fe3,codeit_failed,18,-2.343,0.9444,0.8894,0.9,B,9,False
da515329,human_success,3,0.4925,0.3333,0.0133,0.525148,B,321,False
da515329,human_failed,4,-0.5493,0.75,0.72,0.525148,B,321,False
dc2aa30b,human_success,3,0.011,1.0,0.4467,0.636364,B,44,False
dc2aa30b,human_failed,7,0.0891,0.4286,0.1543,0.636364,B,44,False
dc2e9a9d,human_success,13,0.283,0.8462,0.1192,0.928571,B,57,False
dc2e9a9d,human_failed,2,-0.3017,0.5,0.495,0.928571,B,57,False
dd2401ed,human_success,5,0.4399,0.8,0.188,0.838095,B,16,False
dd2401ed,human_failed,5,0.0588,0.2,0.198,0.838095,B,16,False
dd2401ed,codeit_failed,5,0.0,0.4,0.396,0.838095,B,16,False
de493100,human_success,4,0.4205,0.0,0.0,0.0,A,20,False
de493100,human_failed,2,0.0,0.0,0.0,0.0,A,20,False
df8cc377,human_success,6,0.2769,0.8333,0.1417,0.84965,B,85,False
df8cc377,human_failed,3,0.2447,0.3333,0.33,0.84965,B,85,False
e0fb7511,human_success,7,0.0503,1.0,0.3529,0.804734,B,33,False
e0fb7511,human_failed,3,0.2576,0.0,0.0,0.804734,B,33,False
e0fb7511,codeit_success,26,0.2395,0.5,0.3535,0.804734,B,33,False
e133d23d,human_success,6,0.5308,0.0,0.0,0.0,A,9,False
e133d23d,human_failed,4,0.0965,0.0,0.0,0.0,A,9,False
e133d23d,codeit_success,137,0.3498,0.0,0.0,0.0,A,9,False
e133d23d,codeit_failed,94,0.3325,0.0,0.0,0.0,A,9,False
e1baa8a4,human_success,9,0.4333,0.0,0.0,0.0,A,20,False
e1baa8a4,human_failed,1,0.0,0.0,0.0,0.0,A,20,False
e1baa8a4,codeit_failed,140,0.0,0.0,0.0,0.0,A,20,False
e1d2900e,human_success,8,-1.5679,0.875,0.1575,0.977778,B,20,False
e1d2900e,human_failed,3,-42.5253,1.0,0.9433,0.977778,B,20,False
e2092e0c,human_success,1,-0.3816,1.0,0.11,0.933333,B,14,False
e2092e0c,human_failed,7,-0.6093,1.0,0.9557,0.933333,B,14,False
e2092e0c,codeit_failed,4,0.0,0.25,0.245,0.933333,B,14,False
e21a174a,human_success,6,0.422,0.6667,0.1017,0.591837,B,20,False
e21a174a,human_failed,3,0.0674,0.6667,0.3867,0.591837,B,20,False
e345f17b,human_success,5,0.5893,0.0,0.0,0.0,A,16,False
e345f17b,human_failed,4,0.3612,0.0,0.0,0.0,A,16,False
e345f17b,codeit_success,177,0.3982,0.0,0.0,0.0,A,16,False
e345f17b,codeit_failed,2,0.1797,0.0,0.0,0.0,A,16,False
e4075551,human_success,7,0.4557,0.5714,0.0257,0.770833,B,54,False
e4075551,human_failed,2,-2.3824,1.0,0.83,0.770833,B,54,False
e41c6fd3,human_success,8,0.3906,1.0,0.0988,0.843137,B,80,False
e41c6fd3,human_failed,7,-0.1586,1.0,0.88,0.843137,B,80,False
e57337a4,human_success,13,0.5486,0.0,0.0,0.0,A,9,False
e57337a4,human_failed,2,0.3583,0.0,0.0,0.0,A,9,False
e57337a4,codeit_failed,12,0.1232,0.0,0.0,0.0,A,9,False
e5790162,human_success,8,0.144,0.75,0.1175,0.858333,B,17,False
e5790162,human_failed,6,-0.2881,0.8333,0.6217,0.858333,B,17,False
e5c44e8f,human_success,6,-2.3861,1.0,0.5017,0.958678,B,4,False
e5c44e8f,human_failed,7,-2.9945,1.0,0.87,0.958678,B,4,False
e619ca6e,human_success,6,0.4136,0.8333,0.055,0.874384,B,102,False
e619ca6e,human_failed,3,-0.8671,0.6667,0.63,0.874384,B,102,False
e633a9e5,human_success,4,0.6309,0.0,0.0,0.0,A,25,False
e633a9e5,human_failed,2,0.467,0.0,0.0,0.0,A,25,False
e66aafb8,human_success,10,0.45,0.0,0.0,0.0,A,9,False
e66aafb8,human_failed,3,0.1042,0.0,0.0,0.0,A,9,False
e66aafb8,codeit_success,736,0.1029,0.0,0.0,0.0,A,9,False
e66aafb8,codeit_failed,171,0.0889,0.0,0.0,0.0,A,9,False
e681b708,human_success,6,0.1184,0.6667,0.2433,0.948225,B,34,False
e681b708,human_failed,2,-0.075,1.0,0.99,0.948225,B,34,False
e69241bd,human_success,6,-0.482,1.0,0.57,0.753086,B,20,False
e69241bd,human_failed,3,-0.8257,0.6667,0.66,0.753086,B,20,False
e6de6e8f,human_success,1,0.8542,0.0,0.0,0.0,A,56,False
e6de6e8f,human_failed,9,0.6631,0.0,0.0,0.0,A,56,False
e74e1818,human_success,9,0.4569,0.5556,0.0933,0.795556,B,46,False
e74e1818,human_failed,3,0.6174,0.3333,0.33,0.795556,B,46,False
e760a62e,human_success,8,0.1984,1.0,0.14,0.781888,B,171,False
e760a62e,human_failed,2,-0.6499,0.5,0.495,0.781888,B,171,False
e7639916,human_success,8,0.2411,1.0,0.2662,0.82967,B,30,False
e7639916,human_failed,3,-3.6531,1.0,0.99,0.82967,B,30,False
e7639916,codeit_success,165,-0.5509,0.9758,0.7292,0.82967,B,30,False
e7639916,codeit_failed,13,-0.2403,1.0,0.9338,0.82967,B,30,False
e78887d1,human_success,5,0.6452,0.0,0.0,0.0,A,45,False
e78887d1,human_failed,6,0.428,0.0,0.0,0.0,A,45,False
e7a25a18,human_success,9,0.3383,0.0,0.0,0.0,A,100,False
e7a25a18,human_failed,2,0.0,0.0,0.0,0.0,A,100,False
e7b06bea,human_success,6,0.5498,0.8333,0.1217,0.555556,B,36,False
e7b06bea,human_failed,10,0.1577,0.6,0.426,0.555556,B,36,False
e7dd8335,human_success,7,-0.2719,0.8571,0.28,0.89899,B,9,False
e7dd8335,human_failed,1,-6.6748,1.0,0.99,0.89899,B,9,False
e872b94a,human_success,9,0.25,0.0,0.0,0.0,A,3,False
e872b94a,human_failed,6,0.0,0.0,0.0,0.0,A,3,False
e872b94a,codeit_success,21,0.4583,0.0,0.0,0.0,A,3,False
e872b94a,codeit_failed,161,0.0,0.0,0.0,0.0,A,3,False
e88171ec,human_success,9,-2.1247,0.7778,0.2956,0.972789,B,12,False
e88171ec,human_failed,2,-19.8768,1.0,0.99,0.972789,B,12,False
e95e3d8e,human_success,5,0.3458,0.6,0.188,0.904959,B,46,False
e95e3d8e,human_failed,2,-3.6371,1.0,0.515,0.904959,B,46,False
e99362f0,human_success,4,0.5629,0.0,0.0,0.0,A,20,False
e99362f0,human_failed,13,0.4344,0.0,0.0,0.0,A,20,False
e9ac8c9e,human_success,9,0.4994,0.8889,0.0544,0.697778,B,67,False
e9ac8c9e,human_failed,3,-0.0584,0.6667,0.6567,0.697778,B,67,False
e9b4f6fc,human_success,7,0.4412,0.0,0.0,0.0,A,30,False
e9b4f6fc,human_failed,3,0.0,0.0,0.0,0.0,A,30,False
e9b4f6fc,codeit_failed,90,0.5805,0.0,0.0,0.0,A,30,False
e9bb6954,human_success,5,0.5141,0.6,0.016,0.764543,B,84,False
e9bb6954,human_failed,4,-0.2225,0.5,0.4925,0.764543,B,84,False
e9bb6954,codeit_failed,84,-0.4633,1.0,0.5704,0.764543,B,84,False
e9c9d9a1,human_success,9,0.4328,0.8889,0.1644,0.671111,B,74,False
e9c9d9a1,human_failed,2,-0.8901,0.5,0.495,0.671111,B,74,False
ea959feb,human_success,11,0.3163,0.6364,0.2536,0.910909,B,49,False
ea959feb,human_failed,1,0.602,0.0,0.0,0.910909,B,49,False
ea9794b1,human_success,2,0.6013,0.0,0.0,0.0,A,25,False
ea9794b1,human_failed,7,0.3838,0.0,0.0,0.0,A,25,False
ea9794b1,codeit_success,16,0.3046,0.0,0.0,0.0,A,25,False
ea9794b1,codeit_failed,19,0.2711,0.0,0.0,0.0,A,25,False
ecaa0ec1,human_success,6,-0.4146,0.6667,0.1517,0.92562,B,8,False
ecaa0ec1,human_failed,4,-0.2701,0.5,0.2375,0.92562,B,8,False
ed74f2f2,human_success,7,0.5486,0.0,0.0,0.0,A,9,False
ed74f2f2,human_failed,4,0.0325,0.0,0.0,0.0,A,9,False
ed74f2f2,codeit_success,20,0.3487,0.0,0.0,0.0,A,9,False
ed74f2f2,codeit_failed,138,0.1712,0.0,0.0,0.0,A,9,False
ed98d772,human_success,3,0.6438,0.0,0.0,0.0,A,36,False
ed98d772,human_failed,7,0.5261,0.0,0.0,0.0,A,36,False
ed98d772,codeit_success,113,0.05,0.0,0.0,0.0,A,36,False
ed98d772,codeit_failed,501,0.0475,0.0,0.0,0.0,A,36,False
ef26cbf6,human_success,8,0.1565,1.0,0.285,0.818182,B,13,False
ef26cbf6,human_failed,2,-0.0922,0.5,0.375,0.818182,B,13,False
f0afb749,human_success,12,0.685,0.0,0.0,0.0,A,36,False
f0afb749,human_failed,4,0.3472,0.0,0.0,0.0,A,36,False
f0afb749,codeit_failed,55,0.4399,0.0,0.0,0.0,A,36,False
f0df5ff0,human_success,7,0.3821,1.0,0.0571,0.804444,B,44,False
f0df5ff0,human_failed,2,-0.1382,0.5,0.445,0.804444,B,44,False
f0df5ff0,codeit_success,62,-0.9687,0.9194,0.6577,0.804444,B,44,False
f0df5ff0,codeit_failed,29,-0.0492,0.9655,0.7055,0.804444,B,44,False
f21745ec,human_success,9,0.3133,1.0,0.1444,0.818182,B,91,False
f21745ec,human_failed,3,-0.0109,0.6667,0.66,0.818182,B,91,False
f3b10344,human_success,3,-0.61,1.0,0.3633,0.927586,B,63,False
f3b10344,human_failed,5,0.7307,0.2,0.198,0.927586,B,63,False
f3cdc58f,human_success,8,0.5266,0.875,0.0912,0.54,B,46,False
f3cdc58f,human_failed,1,0.1309,1.0,0.1,0.54,B,46,False
f3e62deb,human_success,5,0.2765,0.8,0.098,0.84,B,16,False
f3e62deb,human_failed,2,-0.0051,0.5,0.465,0.84,B,16,False
f3e62deb,codeit_failed,11,0.0939,0.2727,0.1464,0.84,B,16,False
f4081712,human_success,8,0.4365,0.0,0.0,0.0,A,24,False
f4081712,human_failed,4,0.0,0.0,0.0,0.0,A,24,False
f4081712,codeit_success,653,0.2397,0.0,0.0,0.0,A,24,False
f4081712,codeit_failed,265,0.0983,0.0,0.0,0.0,A,24,False
f45f5ca7,human_success,15,0.1431,0.7333,0.1547,0.84,B,16,False
f5aa3634,human_success,12,0.3697,0.0,0.0,0.0,A,12,False
f5aa3634,human_failed,2,0.0,0.0,0.0,0.0,A,12,False
f5aa3634,codeit_success,36,0.4381,0.0,0.0,0.0,A,12,False
f5aa3634,codeit_failed,206,0.0,0.0,0.0,0.0,A,12,False
f5c89df1,human_success,3,0.3276,0.6667,0.08,0.822485,B,30,False
f5c89df1,human_failed,7,0.1156,0.4286,0.25,0.822485,B,30,False
f823c43c,human_success,8,0.2628,1.0,0.215,0.761719,B,61,False
f823c43c,human_failed,2,-0.123,1.0,0.985,0.761719,B,61,False
f83cb3f6,human_success,10,0.1921,0.8,0.093,0.866667,B,19,False
f83cb3f6,human_failed,3,0.3101,0.3333,0.0433,0.866667,B,19,False
f8be4b64,human_success,4,0.4436,0.75,0.0575,0.739612,B,93,False
f8be4b64,human_failed,4,0.6309,0.25,0.2475,0.739612,B,93,False
f9a67cb5,human_success,2,0.1753,1.0,0.29,0.72381,B,58,False
f9a67cb5,human_failed,7,0.0538,0.4286,0.3129,0.72381,B,58,False
f9d67f8b,human_success,3,0.3957,1.0,0.05,0.881111,B,107,False
f9d67f8b,human_failed,3,-0.154,1.0,0.8367,0.881111,B,107,False
fafd9572,human_success,11,0.3135,0.8182,0.2118,0.785714,B,36,False
fafd9572,human_failed,1,-0.0417,1.0,0.99,0.785714,B,36,False
fb791726,human_success,8,0.727,0.0,0.0,0.0,A,64,False
fb791726,human_failed,2,0.2126,0.0,0.0,0.0,A,64,False
fc754716,human_success,6,0.3926,1.0,0.1467,0.539683,B,29,False
fc754716,human_failed,1,-0.0977,1.0,0.67,0.539683,B,29,False
fc754716,codeit_failed,112,-0.2709,1.0,0.8063,0.539683,B,29,False
fd096ab6,human_success,8,-0.7022,1.0,0.1462,0.97,B,27,False
fd096ab6,human_failed,4,-8.3329,0.75,0.7425,0.97,B,27,False
fd4b2b02,human_success,4,0.1895,0.75,0.11,0.875,B,32,False
fd4b2b02,human_failed,6,-5.542,1.0,0.9533,0.875,B,32,False
fe9372f3,human_success,8,0.3491,0.875,0.0675,0.856863,B,73,False
fe9372f3,human_failed,4,-1.524,0.75,0.7425,0.856863,B,73,False
fea12743,human_success,1,-0.2018,1.0,0.61,0.863636,B,24,False
fea12743,human_failed,10,-0.1635,0.7,0.596,0.863636,B,24,False
ff72ca3e,human_success,7,0.498,0.7143,0.1029,0.68,B,191,False
ff72ca3e,human_failed,6,-0.5052,0.5,0.495,0.68,B,191,False
ff72ca3e,codeit_failed,39,-0.144,0.8718,0.7877,0.68,B,191,False
